gen	invalid	min_train	min_test	best_ind_length	avg_length	best_ind_nodes	avg_nodes	best_ind_depth	avg_depth	best_ind_used_codons	avg_used_codons	structural_diversity	fitness_diversity
0	0	0.140090651281771	nan	4	195.35802469135803	2	43.97530864197531	3	9.11111111111111	3	130.320987654321	0.68	0.06693306693306693
1	22	0.140090651281771	nan	4	223.75757575757575	2	33.196969696969695	3	10.606060606060606	3	95.36363636363636	0.52	0.05194805194805195
2	25	0.140090651281771	nan	4	177.46268656716418	2	20.686567164179106	3	10.328358208955224	3	59.32835820895522	0.56	0.055944055944055944
3	18	0.140090651281771	nan	4	182.986301369863	2	20.054794520547944	3	10.904109589041095	3	56.013698630136986	0.64	0.06293706293706294
4	33	0.140090651281771	nan	4	251.5737704918033	2	17.37704918032787	3	10.573770491803279	3	47.377049180327866	0.54	0.05194805194805195
5	28	0.140090651281771	0.13803442749272235	4	219.29032258064515	2	17.967741935483872	3	9.774193548387096	3	49.08064516129032	0.52	0.05094905094905095
