gen	invalid	min_train	min_test	best_ind_length	avg_length	best_ind_nodes	avg_nodes	best_ind_depth	avg_depth	best_ind_used_codons	avg_used_codons	structural_diversity	fitness_diversity
0	0	0.3426615398474271	nan	19	167.7704918032787	6	38.278688524590166	8	9.704918032786885	13	112.0327868852459	0.6	0.058941058941058944
1	34	0.3179662782372785	nan	44	171.36363636363637	16	13.272727272727273	15	8.340909090909092	34	36.95454545454545	0.4	0.03896103896103896
2	29	0.19277399285242336	nan	16	143.76	2	10.22	5	8.02	5	28.44	0.45	0.04495504495504495
3	30	0.19277399285242336	nan	16	116.47058823529412	2	8.313725490196079	5	7.784313725490196	5	22.92156862745098	0.46	0.04595404595404595
4	38	0.19277399285242336	nan	16	142.91666666666666	2	10.36111111111111	5	9.36111111111111	5	29.083333333333332	0.31	0.030969030969030968
5	37	0.19277399285242336	0.4535578201624606	16	190.85714285714286	2	14.892857142857142	5	10.357142857142858	5	39.82142857142857	0.26	0.025974025974025976
