gen	invalid	min_train	min_test	best_ind_length	avg_length	best_ind_nodes	avg_nodes	best_ind_depth	avg_depth	best_ind_used_codons	avg_used_codons	structural_diversity	fitness_diversity
0	0	0.18443276633127892	nan	82	162.70967741935485	14	37.67741935483871	13	9.193548387096774	55	108.59677419354838	0.56	0.054945054945054944
1	30	0.18443276633127892	nan	82	203.4	14	23.62	13	9.8	55	66.94	0.43	0.04095904095904096
2	40	0.12839188166929383	nan	88	145.19565217391303	22	19.434782608695652	13	10.130434782608695	66	53.65217391304348	0.42	0.04095904095904096
3	36	0.12839188166929383	nan	88	170.93333333333334	22	16.866666666666667	13	11.4	66	48.46666666666667	0.44	0.04195804195804196
4	46	0.12839188166929383	nan	88	126.875	22	14.5625	13	11.375	66	41.53125	0.32	0.029970029970029972
5	52	0.12839188166929383	4419.328217042734	88	107.89655172413794	22	11.482758620689655	13	10.413793103448276	66	31.862068965517242	0.29	0.026973026973026972
