gen	invalid	min_train	min_test	best_ind_length	avg_length	best_ind_nodes	avg_nodes	best_ind_depth	avg_depth	best_ind_used_codons	avg_used_codons	structural_diversity	fitness_diversity
0	0	0.7438148136337253	nan	298	236.58139534883722	65	53.848837209302324	13	9.69767441860465	199	157.80232558139534	0.79	0.07692307692307693
1	15	0.4740530323140515	nan	255	263.15384615384613	2	38.205128205128204	4	13.294871794871796	4	112.15384615384616	0.76	0.07592407592407592
2	14	0.4740530323140515	nan	255	273.3243243243243	2	39.472972972972975	4	15.5	4	115.98648648648648	0.74	0.07392607392607392
3	17	0.4740530323140515	nan	255	266.90140845070425	2	35.42253521126761	4	15.915492957746478	4	105.09859154929578	0.7	0.06993006993006994
4	17	0.4733048275013013	nan	295	270.8157894736842	13	35.23684210526316	12	17.144736842105264	36	104.21052631578948	0.71	0.07092907092907093
5	16	0.4166821271437048	1.2153782843707153	130	248.30263157894737	4	23.88157894736842	6	14.052631578947368	11	70.73684210526316	0.68	0.06793206793206794
