gen	invalid	min_train	min_test	best_ind_length	avg_length	best_ind_nodes	avg_nodes	best_ind_depth	avg_depth	best_ind_used_codons	avg_used_codons	structural_diversity	fitness_diversity
0	0	0.5671288285829363	nan	10	219.35714285714286	3	49.714285714285715	5	9.380952380952381	7	146.32142857142858	0.73	0.07092907092907093
1	20	0.4001907235076043	nan	7	256.77142857142854	2	28.885714285714286	4	11.614285714285714	4	84.68571428571428	0.66	0.06493506493506493
2	26	0.4001907235076043	nan	7	246.0327868852459	2	22.75409836065574	4	11.524590163934427	4	65.50819672131148	0.55	0.053946053946053944
3	28	0.4001907235076043	nan	7	202.9090909090909	2	22.490909090909092	4	11.472727272727273	4	65.78181818181818	0.5	0.04995004995004995
4	39	0.1928768925648665	nan	27	155.1304347826087	3	13.26086956521739	5	9.630434782608695	7	38.869565217391305	0.4	0.03996003996003996
5	42	0.1928768925648665	0.5873879426264734	27	140.3846153846154	3	9.23076923076923	5	8.23076923076923	7	25.0	0.33	0.03296703296703297
