gen	invalid	min_train	min_test	best_ind_length	avg_length	best_ind_nodes	avg_nodes	best_ind_depth	avg_depth	best_ind_used_codons	avg_used_codons	structural_diversity	fitness_diversity
0	0	0.5229943104958745	nan	40	238.97674418604652	12	54.03488372093023	8	9.034883720930232	27	159.43023255813952	0.75	0.07292707292707293
1	16	0.5186420621353425	nan	280	257.5138888888889	24	38.72222222222222	9	11.36111111111111	61	110.16666666666667	0.65	0.06493506493506493
2	25	0.5186420621353425	nan	280	228.97142857142856	24	30.642857142857142	9	12.085714285714285	61	85.91428571428571	0.69	0.06893106893106893
3	21	0.5186420621353425	nan	280	242.44594594594594	24	37.0	9	13.743243243243244	61	102.72972972972973	0.73	0.07292707292707293
4	24	0.4701563273823933	nan	364	270.1756756756757	8	29.56756756756757	12	13.054054054054054	28	82.0945945945946	0.71	0.07092907092907093
5	27	0.3851138929200676	20.826955067132648	54	316.5571428571429	20	28.585714285714285	14	13.457142857142857	48	76.11428571428571	0.7	0.06993006993006994
