gen	invalid	min_train	min_test	best_ind_length	avg_length	best_ind_nodes	avg_nodes	best_ind_depth	avg_depth	best_ind_used_codons	avg_used_codons	structural_diversity	fitness_diversity
0	0	0.35375808056094327	nan	3	150.49180327868854	1	35.0655737704918	3	8.426229508196721	2	100.44262295081967	0.57	0.055944055944055944
1	25	0.23687359239273975	nan	64	214.0	21	20.26923076923077	15	9.192307692307692	43	56.78846153846154	0.47	0.04595404595404595
2	29	0.23687359239273975	nan	64	245.41176470588235	21	25.88235294117647	15	10.019607843137255	43	72.98039215686275	0.43	0.04295704295704296
3	29	0.23687359239273975	nan	64	231.92307692307693	21	14.923076923076923	15	8.942307692307692	43	41.80769230769231	0.42	0.04095904095904096
4	29	0.23687359239273975	nan	64	210.83928571428572	21	12.625	15	8.142857142857142	43	34.267857142857146	0.46	0.04595404595404595
5	33	0.23687359239273975	1.3369568208595919	64	214.57627118644066	21	9.983050847457626	15	7.52542372881356	43	26.23728813559322	0.4	0.03996003996003996
