gen	invalid	min_train	min_test	best_ind_length	avg_length	best_ind_nodes	avg_nodes	best_ind_depth	avg_depth	best_ind_used_codons	avg_used_codons	structural_diversity	fitness_diversity
0	0	0.8425781701147657	nan	291	213.26190476190476	59	47.916666666666664	13	9.5	194	142.29761904761904	0.8	0.07892107892107893
1	17	0.6834233215305086	nan	504	331.8333333333333	111	49.888888888888886	19	13.944444444444445	317	148.15277777777777	0.67	0.06693306693306693
2	19	0.45877514152309573	nan	245	397.3888888888889	18	52.638888888888886	16	14.722222222222221	47	156.22222222222223	0.68	0.06693306693306693
3	21	0.45877514152309573	nan	245	337.90140845070425	18	36.63380281690141	16	13.929577464788732	47	106.97183098591549	0.68	0.06793206793206794
4	15	0.36423104974067133	nan	245	337.0	16	34.77777777777778	13	14.506172839506172	41	99.28395061728395	0.77	0.07692307692307693
5	17	0.1625690928355915	0.18859630556987453	228	376.60493827160496	7	27.88888888888889	8	12.08641975308642	16	80.41975308641975	0.68	0.06793206793206794
