gen	invalid	min_train	min_test	best_ind_length	avg_length	best_ind_nodes	avg_nodes	best_ind_depth	avg_depth	best_ind_used_codons	avg_used_codons	structural_diversity	fitness_diversity
0	0	0.5436068129807383	nan	6	210.65	2	47.8375	4	9.35	4	140.5375	0.69	0.06793206793206794
1	20	0.5436068129807383	nan	6	253.4857142857143	2	40.142857142857146	4	11.971428571428572	4	113.88571428571429	0.63	0.06293706293706294
2	27	0.5436068129807383	nan	6	219.66129032258064	2	27.596774193548388	4	11.306451612903226	4	78.29032258064517	0.58	0.057942057942057944
3	35	0.12835838169384417	nan	346	240.98245614035088	3	28.57894736842105	5	13.0	7	84.43859649122807	0.55	0.054945054945054944
4	31	0.12835838169384417	nan	346	232.90322580645162	3	20.322580645161292	5	12.225806451612904	7	59.24193548387097	0.59	0.058941058941058944
5	33	0.12835838169384417	0.1574458328124083	346	253.22033898305085	3	19.11864406779661	5	11.64406779661017	7	55.644067796610166	0.58	0.057942057942057944
